<?xml version="1.0" encoding="UTF-8"?>

<!DOCTYPE hibernate-mapping PUBLIC 
"-//Hibernate/Hibernate Mapping DTD 3.0//EN"
"http://hibernate.sourceforge.net/hibernate-mapping-3.0.dtd">

<hibernate-mapping>
	
	<class name="vo.ClassVO" table="class">

		<id name="classId" type="int" column="id">
			<generator class="increment"/>
		</id>

		<property name="className">
			<column name="className"/>
		</property>
		
		<property name="classDescription">
			<column name="classDescription"/>
		</property>
				
</class>

</hibernate-mapping>