<?xml version="1.0" encoding="UTF-8"?>

<!DOCTYPE hibernate-mapping PUBLIC 
"-//Hibernate/Hibernate Mapping DTD 3.0//EN"
"http://hibernate.sourceforge.net/hibernate-mapping-3.0.dtd">

<hibernate-mapping>
	
	<class name="vo.DesignationVO" table="designation">

		<id name="designationId" type="int" column="id">
			<generator class="increment"/>
		</id>

		<property name="designationName">
			<column name="designationName"/>
		</property>
		
		<property name="designationDescription">
			<column name="designationDescription"/>
		</property>
				
</class>

</hibernate-mapping>