<?xml version="1.0" encoding="UTF-8"?>

<!DOCTYPE hibernate-mapping PUBLIC 
"-//Hibernate/Hibernate Mapping DTD 3.0//EN"
"http://hibernate.sourceforge.net/hibernate-mapping-3.0.dtd">

<hibernate-mapping>
	
	<class name="vo.GroupMembersVO" table="groupMembers">

		<id name="groupMemberId" type="int" column="groupMemberId">
			<generator class="increment"/>
		</id>
		
		<many-to-one lazy="false" name="groupNamesVO" class="vo.GroupNamesVO" column="groupNameId"></many-to-one>
		
		<many-to-one lazy="false" name="studentVO" class="vo.StudentVO" column="studentId"></many-to-one>
		
</class>

</hibernate-mapping>