<?xml version="1.0" encoding="UTF-8"?>

<!DOCTYPE hibernate-mapping PUBLIC 
"-//Hibernate/Hibernate Mapping DTD 3.0//EN"
"http://hibernate.sourceforge.net/hibernate-mapping-3.0.dtd">

<hibernate-mapping>
	
	<class name="vo.GroupNamesVO" table="groupNames">

		<id name="groupNameId" type="int" column="groupNameId">
			<generator class="increment"/>
		</id>

		<property name="groupName">
			<column name="groupName"/>
		</property>
		
		<many-to-one lazy="false" name="loginVO" class="vo.LoginVO" column="loginId"></many-to-one>
		
</class>

</hibernate-mapping>